attack,outcome,E_U_tau,E_I_tau,R_U_tau,R_I_tau,E_U_rho,E_I_rho,R_U_rho,R_I_rho
Bidirectional[extract-TOMA]/InterMat,U_tr,nan,0.862,nan,0.862,nan,0.948,nan,0.948
Bidirectional[extract-TOMA]/InterMat,I_tr,nan,nan,nan,nan,nan,nan,nan,nan
Bidirectional[extract-TOMA]/InterMat,U_ss,nan,-0.439,nan,0.687,nan,-0.605,nan,0.813
Bidirectional[extract-TOMA]/InterMat,I_ss,nan,nan,nan,nan,nan,nan,nan,nan
Extraction-MASLeak-Recall/UIDensity,U_tr,0.683,nan,0.683,nan,0.806,nan,0.806,nan
Extraction-MASLeak-Recall/UIDensity,I_tr,nan,nan,nan,nan,nan,nan,nan,nan
Extraction-MASLeak-Recall/UIDensity,U_ss,0.347,nan,0.743,nan,0.514,nan,0.857,nan
Extraction-MASLeak-Recall/UIDensity,I_ss,nan,nan,nan,nan,nan,nan,nan,nan
Dissemination/InterMat,U_tr,nan,0.228,nan,0.228,nan,0.272,nan,0.272
Dissemination/InterMat,I_tr,nan,0.578,nan,0.578,nan,0.71,nan,0.71
Dissemination/InterMat,U_ss,nan,0.171,nan,0.171,nan,0.238,nan,0.238
Dissemination/InterMat,I_ss,nan,0.389,nan,0.389,nan,0.472,nan,0.472
Extraction-MASLeak-F1/InterMat,U_tr,nan,0.597,nan,0.597,nan,0.718,nan,0.718
Extraction-MASLeak-F1/InterMat,I_tr,nan,nan,nan,nan,nan,nan,nan,nan
Extraction-MASLeak-F1/InterMat,U_ss,nan,0.732,nan,0.732,nan,0.85,nan,0.85
Extraction-MASLeak-F1/InterMat,I_ss,nan,nan,nan,nan,nan,nan,nan,nan
Bidirectional[dissem]/UIDensity,U_tr,0.289,nan,0.289,nan,0.381,nan,0.381,nan
Bidirectional[dissem]/UIDensity,I_tr,0.761,nan,0.761,nan,0.866,nan,0.866,nan
Bidirectional[dissem]/UIDensity,U_ss,0.666,nan,0.666,nan,0.786,nan,0.786,nan
Bidirectional[dissem]/UIDensity,I_ss,0.696,nan,0.696,nan,0.812,nan,0.812,nan
Bidirectional[extract-MASTER]/InterMat,U_tr,nan,0.866,nan,0.866,nan,0.949,nan,0.949
Bidirectional[extract-MASTER]/InterMat,I_tr,nan,nan,nan,nan,nan,nan,nan,nan
Bidirectional[extract-MASTER]/InterMat,U_ss,nan,0.609,nan,0.609,nan,0.738,nan,0.738
Bidirectional[extract-MASTER]/InterMat,I_ss,nan,nan,nan,nan,nan,nan,nan,nan
Extraction-MASLeak-F1/UIDensity,U_tr,0.607,nan,0.607,nan,0.738,nan,0.738,nan
Extraction-MASLeak-F1/UIDensity,I_tr,nan,nan,nan,nan,nan,nan,nan,nan
Extraction-MASLeak-F1/UIDensity,U_ss,0.307,nan,0.663,nan,0.429,nan,0.794,nan
Extraction-MASLeak-F1/UIDensity,I_ss,nan,nan,nan,nan,nan,nan,nan,nan
Extraction-MAMA/InterMat,U_tr,nan,-0.093,nan,-0.093,nan,-0.144,nan,-0.144
Extraction-MAMA/InterMat,I_tr,nan,nan,nan,nan,nan,nan,nan,nan
Extraction-MAMA/InterMat,U_ss,nan,-0.249,nan,-0.249,nan,-0.302,nan,-0.302
Extraction-MAMA/InterMat,I_ss,nan,nan,nan,nan,nan,nan,nan,nan
Extraction-MASLeak-Recall/InterMat,U_tr,nan,0.485,nan,0.485,nan,0.567,nan,0.567
Extraction-MASLeak-Recall/InterMat,I_tr,nan,nan,nan,nan,nan,nan,nan,nan
Extraction-MASLeak-Recall/InterMat,U_ss,nan,-0.192,nan,0.214,nan,-0.246,nan,0.265
Extraction-MASLeak-Recall/InterMat,I_ss,nan,nan,nan,nan,nan,nan,nan,nan
Bidirectional[dissem]/InterMat,U_tr,nan,-0.215,nan,-0.215,nan,-0.265,nan,-0.265
Bidirectional[dissem]/InterMat,I_tr,nan,0.489,nan,0.489,nan,0.606,nan,0.606
Bidirectional[dissem]/InterMat,U_ss,nan,0.124,nan,0.124,nan,0.17,nan,0.17
Bidirectional[dissem]/InterMat,I_ss,nan,0.845,nan,0.845,nan,0.945,nan,0.945
Dissemination/UIDensity,U_tr,0.098,nan,-0.262,nan,0.135,nan,-0.348,nan
Dissemination/UIDensity,I_tr,0.046,nan,-0.546,nan,0.065,nan,-0.729,nan
Dissemination/UIDensity,U_ss,0.421,nan,0.421,nan,0.512,nan,0.512,nan
Dissemination/UIDensity,I_ss,0.41,nan,0.41,nan,0.505,nan,0.505,nan
Extraction-MAMA/UIDensity,U_tr,0.778,nan,0.778,nan,0.892,nan,0.892,nan
Extraction-MAMA/UIDensity,I_tr,nan,nan,nan,nan,nan,nan,nan,nan
Extraction-MAMA/UIDensity,U_ss,0.171,nan,0.451,nan,0.275,nan,0.511,nan
Extraction-MAMA/UIDensity,I_ss,nan,nan,nan,nan,nan,nan,nan,nan
Bidirectional[extract-MASTER]/UIDensity,U_tr,0.866,nan,0.866,nan,0.949,nan,0.949,nan
Bidirectional[extract-MASTER]/UIDensity,I_tr,nan,nan,nan,nan,nan,nan,nan,nan
Bidirectional[extract-MASTER]/UIDensity,U_ss,0.289,nan,0.289,nan,0.316,nan,0.316,nan
Bidirectional[extract-MASTER]/UIDensity,I_ss,nan,nan,nan,nan,nan,nan,nan,nan
Bidirectional[extract-TOMA]/UIDensity,U_tr,0.107,nan,-0.72,nan,0.184,nan,-0.841,nan
Bidirectional[extract-TOMA]/UIDensity,I_tr,nan,nan,nan,nan,nan,nan,nan,nan
Bidirectional[extract-TOMA]/UIDensity,U_ss,0.242,nan,-0.847,nan,0.419,nan,-0.943,nan
Bidirectional[extract-TOMA]/UIDensity,I_ss,nan,nan,nan,nan,nan,nan,nan,nan
