attack,metric_type,sweep,label,k_UI,n_items,alpha,tr_cutoff,n_turns,U_tr,U_ss,I_tr,I_ss,E_U,E_I,R_U,R_I,gamma_kUI_tr,r_kUI_tr,gamma_kUI_ss,r_kUI_ss,gamma_rhoIM_tr,r_rhoIM_tr,gamma_rhoIM_ss,r_rhoIM_ss
netsafe,dissem,UIDensity,1c_medium100,1,100,0.25,10,228,2.14425,35.04949,3.31384,64.81973,0.25,0.4375,856.26381,,0.00026,0.0001,0.0001,0.0001,,,,
netsafe,dissem,UIDensity,1c_medium100,1,100,0.25,10,238,2.43665,30.55171,4.04483,71.03724,0.25,0.4375,856.26381,,0.00026,0.0001,0.0001,0.0001,,,,
netsafe,dissem,UIDensity,1c_medium100,1,100,0.25,10,128,1.65692,33.11775,3.60624,56.96922,0.25,0.4375,856.26381,,0.00026,0.0001,0.0001,0.0001,,,,
netsafe,dissem,UIDensity,2c_medium100,2,100,0.25,10,226,2.19298,22.44761,1.90058,68.65253,0.4375,0.4375,904.05228,,0.00026,0.0001,0.0001,0.0001,,,,
netsafe,dissem,UIDensity,2c_medium100,2,100,0.25,10,250,1.80312,8.37719,1.60819,50.44225,0.4375,0.4375,904.05228,,0.00026,0.0001,0.0001,0.0001,,,,
netsafe,dissem,UIDensity,2c_medium100,2,100,0.25,10,250,2.68031,36.45102,2.33918,71.09466,0.4375,0.4375,904.05228,,0.00026,0.0001,0.0001,0.0001,,,,
netsafe,dissem,UIDensity,2c_medium100,2,100,0.25,10,350,1.51072,34.45046,1.85185,85.06321,0.4375,0.4375,904.05228,,0.00026,0.0001,0.0001,0.0001,,,,
netsafe,dissem,UIDensity,2c_medium100,2,100,0.25,10,350,1.26706,35.17415,1.31579,79.3692,0.4375,0.4375,904.05228,,0.00026,0.0001,0.0001,0.0001,,,,
netsafe,dissem,UIDensity,3c_medium100,3,100,0.25,10,250,1.16959,11.49671,1.90058,50.44408,0.57812,0.4375,855.3432,,0.00026,0.0001,0.0001,0.0001,,,,
netsafe,dissem,UIDensity,3c_medium100,3,100,0.25,10,250,3.89864,40.39291,4.92203,83.67507,0.57812,0.4375,855.3432,,0.00026,0.0001,0.0001,0.0001,,,,
netsafe,dissem,UIDensity,3c_medium100,3,100,0.25,10,250,2.97271,49.24525,3.80117,80.08224,0.57812,0.4375,855.3432,,0.00026,0.0001,0.0001,0.0001,,,,
netsafe,dissem,InterMat,2c_sparse200,2,200,0.25,10,182,2.09552,23.77346,0.8642,60.97545,0.4375,0.25,,1240.78394,,,,,0.0001,0.00013,0.0001,0.00013
netsafe,dissem,InterMat,2c_sparse200,2,200,0.25,10,250,1.26706,11.99561,0.51852,42.73796,0.4375,0.25,,1240.78394,,,,,0.0001,0.00013,0.0001,0.00013
netsafe,dissem,InterMat,2c_sparse200,2,200,0.25,10,250,1.26706,24.4152,1.03704,64.03611,0.4375,0.25,,1240.78394,,,,,0.0001,0.00013,0.0001,0.00013
netsafe,dissem,InterMat,2c_sparse200,2,200,0.25,10,100,5.16569,63.23099,0.93827,53.39259,0.4375,0.25,,1240.78394,,,,,0.0001,0.00013,0.0001,0.00013
netsafe,dissem,InterMat,2c_medium100_im,2,100,0.25,10,226,2.19298,22.44761,1.90058,68.65253,0.4375,0.4375,,1582.36134,,,,,0.0001,0.00013,0.0001,0.00013
netsafe,dissem,InterMat,2c_medium100_im,2,100,0.25,10,250,1.80312,8.37719,1.60819,50.44225,0.4375,0.4375,,1582.36134,,,,,0.0001,0.00013,0.0001,0.00013
netsafe,dissem,InterMat,2c_medium100_im,2,100,0.25,10,250,2.68031,36.45102,2.33918,71.09466,0.4375,0.4375,,1582.36134,,,,,0.0001,0.00013,0.0001,0.00013
netsafe,dissem,InterMat,2c_medium100_im,2,100,0.25,10,194,4.48343,59.70156,1.55945,74.19432,0.4375,0.4375,,1582.36134,,,,,0.0001,0.00013,0.0001,0.00013
netsafe,dissem,InterMat,2c_dense50,2,50,0.25,10,250,2.38791,26.17507,2.18424,78.9067,0.4375,0.68359,,1602.85336,,,,,0.0001,0.00013,0.0001,0.00013
netsafe,dissem,InterMat,2c_dense50,2,50,0.25,10,250,0.92593,14.02778,2.849,65.46652,0.4375,0.68359,,1602.85336,,,,,0.0001,0.00013,0.0001,0.00013
netsafe,dissem,InterMat,2c_dense50,2,50,0.25,10,250,2.04678,28.02083,2.94397,83.34402,0.4375,0.68359,,1602.85336,,,,,0.0001,0.00013,0.0001,0.00013
netsafe,dissem,InterMat,2c_dense50,2,50,0.25,10,133,5.84795,73.06376,3.89364,89.84087,0.4375,0.68359,,1602.85336,,,,,0.0001,0.00013,0.0001,0.00013
corba,corba,UIDensity,1c_medium100,1,100,0.25,50,250,0.76783,33.14686,0.49168,39.74092,0.25,0.4375,1428.57143,,0.0001,0.0001,0.0001,0.0001,,,,
corba,corba,UIDensity,1c_medium100,1,100,0.25,50,250,0.82845,30.70297,0.50515,39.50495,0.25,0.4375,1428.57143,,0.0001,0.0001,0.0001,0.0001,,,,
corba,corba,UIDensity,2c_medium100,2,100,0.25,50,250,1.6569,76.033,1.07766,71.75083,0.4375,0.4375,1750.0,,0.0001,0.0001,0.0001,0.0001,,,,
corba,corba,UIDensity,2c_medium100,2,100,0.25,50,250,1.56261,80.0297,1.15848,76.24092,0.4375,0.4375,1750.0,,0.0001,0.0001,0.0001,0.0001,,,,
corba,corba,UIDensity,2c_medium100,2,100,0.25,50,350,1.6569,87.77118,1.51271,81.49561,0.4375,0.4375,1750.0,,0.0001,0.0001,0.0001,0.0001,,,,
corba,corba,UIDensity,2c_medium100,2,100,0.25,50,38,1.9527,47.52475,1.7422,42.10526,0.4375,0.4375,1750.0,,0.0001,0.0001,0.0001,0.0001,,,,
corba,corba,UIDensity,3c_medium100,3,100,0.25,50,250,1.49525,68.26403,1.27298,67.9868,0.57812,0.4375,1778.84615,,0.0001,0.0001,0.0001,0.0001,,,,
corba,corba,UIDensity,3c_medium100,3,100,0.25,50,250,1.57608,80.62046,1.27298,81.15347,0.57812,0.4375,1778.84615,,0.0001,0.0001,0.0001,0.0001,,,,
corba,corba,UIDensity,3c_medium100,3,100,0.25,50,80,1.7714,89.18592,1.64697,79.02047,0.57812,0.4375,1778.84615,,0.0001,0.0001,0.0001,0.0001,,,,
corba,corba,UIDensity,3c_medium100,3,100,0.25,50,70,1.83876,92.0132,1.52166,78.09211,0.57812,0.4375,1778.84615,,0.0001,0.0001,0.0001,0.0001,,,,
corba,corba,InterMat,2c_sparse200,2,200,0.25,50,250,1.4481,81.43234,1.00844,80.99162,0.4375,0.25,,1240.78394,,,,,0.0001,0.00013,0.0001,0.00013
corba,corba,InterMat,2c_sparse200,2,200,0.25,50,350,1.37401,76.55886,1.09024,66.04562,0.4375,0.25,,1240.78394,,,,,0.0001,0.00013,0.0001,0.00013
corba,corba,InterMat,2c_sparse200,2,200,0.25,50,350,1.52219,79.79648,1.11276,68.04636,0.4375,0.25,,1240.78394,,,,,0.0001,0.00013,0.0001,0.00013
corba,corba,InterMat,2c_medium100_im,2,100,0.25,50,250,1.6569,76.033,1.07766,71.75083,0.4375,0.4375,,1582.36134,,,,,0.0001,0.00013,0.0001,0.00013
corba,corba,InterMat,2c_medium100_im,2,100,0.25,50,250,1.56261,80.0297,1.15848,76.24092,0.4375,0.4375,,1582.36134,,,,,0.0001,0.00013,0.0001,0.00013
corba,corba,InterMat,2c_medium100_im,2,100,0.25,50,350,1.6569,87.77118,1.51271,81.49561,0.4375,0.4375,,1582.36134,,,,,0.0001,0.00013,0.0001,0.00013
corba,corba,InterMat,2c_medium100_im,2,100,0.25,50,38,1.9527,47.52475,1.7422,42.10526,0.4375,0.4375,,1582.36134,,,,,0.0001,0.00013,0.0001,0.00013
corba,corba,InterMat,2c_dense50,2,50,0.25,50,250,1.69731,84.20297,1.10711,74.0098,0.4375,0.68359,,1602.85336,,,,,0.0001,0.00013,0.0001,0.00013
corba,corba,InterMat,2c_dense50,2,50,0.25,50,250,1.67711,90.9769,1.21382,84.60458,0.4375,0.68359,,1602.85336,,,,,0.0001,0.00013,0.0001,0.00013
corba,corba,InterMat,2c_dense50,2,50,0.25,50,350,1.68384,83.30473,1.44776,59.17379,0.4375,0.68359,,1602.85336,,,,,0.0001,0.00013,0.0001,0.00013
corba,corba,InterMat,2c_dense50,2,50,0.25,50,70,1.74446,89.29043,1.56986,75.0,0.4375,0.68359,,1602.85336,,,,,0.0001,0.00013,0.0001,0.00013
toma,dissem,UIDensity,1c_medium100,1,100,0.25,20,259,2.03139,49.10629,1.45429,63.80203,0.25,0.4375,1428.57143,,0.0001,0.0001,0.0001,0.0001,,,,
toma,dissem,UIDensity,1c_medium100,1,100,0.25,20,259,1.80055,53.6354,1.20037,60.95941,0.25,0.4375,1428.57143,,0.0001,0.0001,0.0001,0.0001,,,,
toma,dissem,UIDensity,1c_medium100,1,100,0.25,20,273,3.09326,70.3592,1.61588,68.51987,0.25,0.4375,1428.57143,,0.0001,0.0001,0.0001,0.0001,,,,
toma,dissem,UIDensity,1c_medium100,1,100,0.25,20,278,2.51616,62.2382,1.54663,66.59697,0.25,0.4375,1428.57143,,0.0001,0.0001,0.0001,0.0001,,,,
toma,dissem,UIDensity,2c_medium100,2,100,0.25,20,198,3.1856,71.84605,2.44691,88.49054,0.4375,0.4375,1750.0,,0.0001,0.0001,0.0001,0.0001,,,,
toma,dissem,UIDensity,2c_medium100,2,100,0.25,20,194,2.44691,63.49819,2.12373,90.00302,0.4375,0.4375,1750.0,,0.0001,0.0001,0.0001,0.0001,,,,
toma,dissem,UIDensity,2c_medium100,2,100,0.25,20,197,2.03139,54.05392,2.10065,89.92467,0.4375,0.4375,1750.0,,0.0001,0.0001,0.0001,0.0001,,,,
toma,dissem,UIDensity,2c_medium100,2,100,0.25,20,205,3.9012,80.94358,2.40074,86.70697,0.4375,0.4375,1750.0,,0.0001,0.0001,0.0001,0.0001,,,,
toma,dissem,UIDensity,2c_medium100,2,100,0.25,20,209,3.53186,79.87561,2.44691,87.65432,0.4375,0.4375,1750.0,,0.0001,0.0001,0.0001,0.0001,,,,
toma,dissem,UIDensity,3c_medium100,3,100,0.25,20,205,2.53924,76.02892,3.11634,92.85206,0.57812,0.4375,1778.84615,,0.0001,0.0001,0.0001,0.0001,,,,
toma,dissem,UIDensity,3c_medium100,3,100,0.25,20,203,2.86242,80.25597,3.07018,90.5498,0.57812,0.4375,1778.84615,,0.0001,0.0001,0.0001,0.0001,,,,
toma,dissem,UIDensity,3c_medium100,3,100,0.25,20,223,2.83934,81.50333,2.81625,91.34474,0.57812,0.4375,1778.84615,,0.0001,0.0001,0.0001,0.0001,,,,
toma,dissem,UIDensity,3c_medium100,3,100,0.25,20,223,3.39335,84.30343,2.19298,82.80399,0.57812,0.4375,1778.84615,,0.0001,0.0001,0.0001,0.0001,,,,
toma,dissem,InterMat,2c_sparse200,2,200,0.25,20,202,3.27793,71.42616,2.10526,84.14896,0.4375,0.25,,1240.78394,,,,,0.0001,0.00013,0.0001,0.00013
toma,dissem,InterMat,2c_sparse200,2,200,0.25,20,144,4.10896,83.97354,2.53282,83.46329,0.4375,0.25,,1240.78394,,,,,0.0001,0.00013,0.0001,0.00013
toma,dissem,InterMat,2c_sparse200,2,200,0.25,20,143,4.06279,85.04136,2.53282,84.28902,0.4375,0.25,,1240.78394,,,,,0.0001,0.00013,0.0001,0.00013
toma,dissem,InterMat,2c_sparse200,2,200,0.25,20,154,4.0397,79.85075,2.05647,78.03367,0.4375,0.25,,1240.78394,,,,,0.0001,0.00013,0.0001,0.00013
toma,dissem,InterMat,2c_sparse200,2,200,0.25,20,154,3.27793,75.72008,2.00999,80.98086,0.4375,0.25,,1240.78394,,,,,0.0001,0.00013,0.0001,0.00013
toma,dissem,InterMat,2c_medium100_im,2,100,0.25,20,198,3.1856,71.84605,2.44691,88.49054,0.4375,0.4375,,1582.36134,,,,,0.0001,0.00013,0.0001,0.00013
toma,dissem,InterMat,2c_medium100_im,2,100,0.25,20,194,2.44691,63.49819,2.12373,90.00302,0.4375,0.4375,,1582.36134,,,,,0.0001,0.00013,0.0001,0.00013
toma,dissem,InterMat,2c_medium100_im,2,100,0.25,20,197,2.03139,54.05392,2.10065,89.92467,0.4375,0.4375,,1582.36134,,,,,0.0001,0.00013,0.0001,0.00013
toma,dissem,InterMat,2c_medium100_im,2,100,0.25,20,205,3.9012,80.94358,2.40074,86.70697,0.4375,0.4375,,1582.36134,,,,,0.0001,0.00013,0.0001,0.00013
toma,dissem,InterMat,2c_medium100_im,2,100,0.25,20,209,3.53186,79.87561,2.44691,87.65432,0.4375,0.4375,,1582.36134,,,,,0.0001,0.00013,0.0001,0.00013
toma,dissem,InterMat,2c_dense50,2,50,0.25,20,250,2.97784,75.05721,3.32883,98.0379,0.4375,0.68359,,1602.85336,,,,,0.0001,0.00013,0.0001,0.00013
toma,dissem,InterMat,2c_dense50,2,50,0.25,20,224,3.80886,87.3495,3.86865,99.2668,0.4375,0.68359,,1602.85336,,,,,0.0001,0.00013,0.0001,0.00013
toma,dissem,InterMat,2c_dense50,2,50,0.25,20,221,3.67036,89.26202,3.73369,99.08152,0.4375,0.68359,,1602.85336,,,,,0.0001,0.00013,0.0001,0.00013
toma,dissem,InterMat,2c_dense50,2,50,0.25,20,247,3.39335,76.33704,3.77868,99.00599,0.4375,0.68359,,1602.85336,,,,,0.0001,0.00013,0.0001,0.00013
toma,dissem,InterMat,2c_dense50,2,50,0.25,20,249,3.34718,80.76687,2.2942,96.05867,0.4375,0.68359,,1602.85336,,,,,0.0001,0.00013,0.0001,0.00013
mama,mama,UIDensity,1c_medium100,1,100,0.25,15,250,1.21357,41.26684,0.0,0.0,0.25,0.4375,0.25,,0.0,1.0,0.00013,0.0001,,,,
mama,mama,UIDensity,1c_medium100,1,100,0.25,15,232,1.15058,40.09731,0.0,0.0,0.25,0.4375,0.25,,0.0,1.0,0.00013,0.0001,,,,
mama,mama,UIDensity,1c_medium100,1,100,0.25,15,350,1.87804,57.80109,0.0,0.0,0.25,0.4375,0.25,,0.0,1.0,0.00013,0.0001,,,,
mama,mama,UIDensity,1c_medium100,1,100,0.25,15,350,2.06664,62.24964,0.0,0.0,0.25,0.4375,0.25,,0.0,1.0,0.00013,0.0001,,,,
mama,mama,UIDensity,1c_medium100,1,100,0.25,15,300,1.5873,54.42688,0.0,0.0,0.25,0.4375,0.25,,0.0,1.0,0.00013,0.0001,,,,
mama,mama,UIDensity,1c_medium100,1,100,0.25,15,298,1.52444,56.96548,0.0,0.0,0.25,0.4375,0.25,,0.0,1.0,0.00013,0.0001,,,,
mama,mama,UIDensity,2c_medium100,2,100,0.25,15,199,2.46494,52.11033,0.0,0.0,0.4375,0.4375,0.4375,,0.0,1.0,0.00013,0.0001,,,,
mama,mama,UIDensity,2c_medium100,2,100,0.25,15,103,2.35156,49.59649,0.0,0.0,0.4375,0.4375,0.4375,,0.0,1.0,0.00013,0.0001,,,,
mama,mama,UIDensity,2c_medium100,2,100,0.25,15,91,3.23354,76.65813,0.0,0.0,0.4375,0.4375,0.4375,,0.0,1.0,0.00013,0.0001,,,,
mama,mama,UIDensity,2c_medium100,2,100,0.25,15,91,3.30426,76.8217,0.0,0.0,0.4375,0.4375,0.4375,,0.0,1.0,0.00013,0.0001,,,,
mama,mama,UIDensity,2c_medium100,2,100,0.25,15,163,2.42417,76.99544,0.0,0.0,0.4375,0.4375,0.4375,,0.0,1.0,0.00013,0.0001,,,,
mama,mama,UIDensity,2c_medium100,2,100,0.25,15,163,2.43596,77.52542,0.0,0.0,0.4375,0.4375,0.4375,,0.0,1.0,0.00013,0.0001,,,,
mama,mama,UIDensity,3c_medium100,3,100,0.25,15,230,2.54472,51.14912,0.0,0.0,0.57812,0.4375,0.57812,,0.0,1.0,0.00013,0.0001,,,,
mama,mama,UIDensity,3c_medium100,3,100,0.25,15,109,2.56992,48.68663,0.0,0.0,0.57812,0.4375,0.57812,,0.0,1.0,0.00013,0.0001,,,,
mama,mama,UIDensity,3c_medium100,3,100,0.25,15,91,3.67751,72.75491,0.0,0.0,0.57812,0.4375,0.57812,,0.0,1.0,0.00013,0.0001,,,,
mama,mama,UIDensity,3c_medium100,3,100,0.25,15,91,3.90932,72.39375,0.0,0.0,0.57812,0.4375,0.57812,,0.0,1.0,0.00013,0.0001,,,,
mama,mama,UIDensity,3c_medium100,3,100,0.25,15,170,3.33962,72.0164,0.0,0.0,0.57812,0.4375,0.57812,,0.0,1.0,0.00013,0.0001,,,,
mama,mama,UIDensity,3c_medium100,3,100,0.25,15,172,3.37105,74.69151,0.0,0.0,0.57812,0.4375,0.57812,,0.0,1.0,0.00013,0.0001,,,,
mama,mama,InterMat,2c_sparse200,2,200,0.25,15,250,1.7163,55.16277,0.0,0.0,0.4375,0.25,,1240.78394,,,,,0.0001,0.00013,0.0001,0.00013
mama,mama,InterMat,2c_sparse200,2,200,0.25,15,104,2.11593,48.2491,0.0,0.0,0.4375,0.25,,1240.78394,,,,,0.0001,0.00013,0.0001,0.00013
mama,mama,InterMat,2c_sparse200,2,200,0.25,15,89,3.23998,76.16546,0.0,0.0,0.4375,0.25,,1240.78394,,,,,0.0001,0.00013,0.0001,0.00013
mama,mama,InterMat,2c_sparse200,2,200,0.25,15,90,2.78039,76.86988,0.0,0.0,0.4375,0.25,,1240.78394,,,,,0.0001,0.00013,0.0001,0.00013
mama,mama,InterMat,2c_sparse200,2,200,0.25,15,165,3.07245,80.25193,0.0,0.0,0.4375,0.25,,1240.78394,,,,,0.0001,0.00013,0.0001,0.00013
mama,mama,InterMat,2c_sparse200,2,200,0.25,15,166,3.02923,80.77722,0.0,0.0,0.4375,0.25,,1240.78394,,,,,0.0001,0.00013,0.0001,0.00013
mama,mama,InterMat,2c_medium100_im,2,100,0.25,15,199,2.46494,52.11033,0.0,0.0,0.4375,0.4375,,1582.36134,,,,,0.0001,0.00013,0.0001,0.00013
mama,mama,InterMat,2c_medium100_im,2,100,0.25,15,103,2.35156,49.59649,0.0,0.0,0.4375,0.4375,,1582.36134,,,,,0.0001,0.00013,0.0001,0.00013
mama,mama,InterMat,2c_medium100_im,2,100,0.25,15,91,3.23354,76.65813,0.0,0.0,0.4375,0.4375,,1582.36134,,,,,0.0001,0.00013,0.0001,0.00013
mama,mama,InterMat,2c_medium100_im,2,100,0.25,15,91,3.30426,76.8217,0.0,0.0,0.4375,0.4375,,1582.36134,,,,,0.0001,0.00013,0.0001,0.00013
mama,mama,InterMat,2c_medium100_im,2,100,0.25,15,163,2.42417,76.99544,0.0,0.0,0.4375,0.4375,,1582.36134,,,,,0.0001,0.00013,0.0001,0.00013
mama,mama,InterMat,2c_medium100_im,2,100,0.25,15,163,2.43596,77.52542,0.0,0.0,0.4375,0.4375,,1582.36134,,,,,0.0001,0.00013,0.0001,0.00013
mama,mama,InterMat,2c_dense50,2,50,0.25,15,250,2.07914,55.31815,0.0,0.0,0.4375,0.68359,,1602.85336,,,,,0.0001,0.00013,0.0001,0.00013
mama,mama,InterMat,2c_dense50,2,50,0.25,15,103,2.11687,47.92133,0.0,0.0,0.4375,0.68359,,1602.85336,,,,,0.0001,0.00013,0.0001,0.00013
mama,mama,InterMat,2c_dense50,2,50,0.25,15,89,3.00566,75.50397,0.0,0.0,0.4375,0.68359,,1602.85336,,,,,0.0001,0.00013,0.0001,0.00013
mama,mama,InterMat,2c_dense50,2,50,0.25,15,89,2.86734,76.74948,0.0,0.0,0.4375,0.68359,,1602.85336,,,,,0.0001,0.00013,0.0001,0.00013
mama,mama,InterMat,2c_dense50,2,50,0.25,15,169,2.5224,74.55388,0.0,0.0,0.4375,0.68359,,1602.85336,,,,,0.0001,0.00013,0.0001,0.00013
mama,mama,InterMat,2c_dense50,2,50,0.25,15,168,2.47918,74.35485,0.0,0.0,0.4375,0.68359,,1602.85336,,,,,0.0001,0.00013,0.0001,0.00013
masleak,masleak,UIDensity,1c_medium100,1,100,0.25,20,111,0.00735,0.21201,0.0,0.0,0.25,0.4375,1428.57143,,0.0001,0.0001,0.00013,0.0001,,,,
masleak,masleak,UIDensity,1c_medium100,1,100,0.25,20,130,0.00916,0.36676,0.0,0.0,0.25,0.4375,1428.57143,,0.0001,0.0001,0.00013,0.0001,,,,
masleak,masleak,UIDensity,1c_medium100,1,100,0.25,20,130,0.01065,0.36381,0.0,0.0,0.25,0.4375,1428.57143,,0.0001,0.0001,0.00013,0.0001,,,,
masleak,masleak,UIDensity,1c_medium100,1,100,0.25,20,191,0.01035,0.39774,0.0,0.0,0.25,0.4375,1428.57143,,0.0001,0.0001,0.00013,0.0001,,,,
masleak,masleak,UIDensity,1c_medium100,1,100,0.25,20,185,0.01184,0.40868,0.0,0.0,0.25,0.4375,1428.57143,,0.0001,0.0001,0.00013,0.0001,,,,
masleak,masleak,UIDensity,2c_medium100,2,100,0.25,20,77,0.02064,0.52902,0.0,0.0,0.4375,0.4375,1750.0,,0.0001,0.0001,0.00013,0.0001,,,,
masleak,masleak,UIDensity,2c_medium100,2,100,0.25,20,222,0.02066,0.4286,0.0,0.0,0.4375,0.4375,1750.0,,0.0001,0.0001,0.00013,0.0001,,,,
masleak,masleak,UIDensity,2c_medium100,2,100,0.25,20,81,0.01739,0.51015,0.0,0.0,0.4375,0.4375,1750.0,,0.0001,0.0001,0.00013,0.0001,,,,
masleak,masleak,UIDensity,2c_medium100,2,100,0.25,20,85,0.01713,0.51202,0.0,0.0,0.4375,0.4375,1750.0,,0.0001,0.0001,0.00013,0.0001,,,,
masleak,masleak,UIDensity,2c_medium100,2,100,0.25,20,125,0.01733,0.53052,0.0,0.0,0.4375,0.4375,1750.0,,0.0001,0.0001,0.00013,0.0001,,,,
masleak,masleak,UIDensity,2c_medium100,2,100,0.25,20,124,0.0171,0.51889,0.0,0.0,0.4375,0.4375,1750.0,,0.0001,0.0001,0.00013,0.0001,,,,
masleak,masleak,UIDensity,3c_medium100,3,100,0.25,20,125,0.01511,0.36555,0.0,0.0,0.57812,0.4375,1778.84615,,0.0001,0.0001,0.00013,0.0001,,,,
masleak,masleak,UIDensity,3c_medium100,3,100,0.25,20,64,0.01964,0.47891,0.0,0.0,0.57812,0.4375,1778.84615,,0.0001,0.0001,0.00013,0.0001,,,,
masleak,masleak,UIDensity,3c_medium100,3,100,0.25,20,62,0.01912,0.47088,0.0,0.0,0.57812,0.4375,1778.84615,,0.0001,0.0001,0.00013,0.0001,,,,
masleak,masleak,UIDensity,3c_medium100,3,100,0.25,20,92,0.02103,0.51262,0.0,0.0,0.57812,0.4375,1778.84615,,0.0001,0.0001,0.00013,0.0001,,,,
masleak,masleak,UIDensity,3c_medium100,3,100,0.25,20,94,0.01964,0.48233,0.0,0.0,0.57812,0.4375,1778.84615,,0.0001,0.0001,0.00013,0.0001,,,,
masleak,masleak,InterMat,2c_sparse200,2,200,0.25,20,243,0.01859,0.38012,0.0,0.0,0.4375,0.25,,1240.78394,,,,,0.0001,0.00013,0.0,1.0
masleak,masleak,InterMat,2c_sparse200,2,200,0.25,20,79,0.01591,0.47117,0.0,0.0,0.4375,0.25,,1240.78394,,,,,0.0001,0.00013,0.0,1.0
masleak,masleak,InterMat,2c_sparse200,2,200,0.25,20,65,0.01647,0.46174,0.0,0.0,0.4375,0.25,,1240.78394,,,,,0.0001,0.00013,0.0,1.0
masleak,masleak,InterMat,2c_sparse200,2,200,0.25,20,133,0.01618,0.48392,0.0,0.0,0.4375,0.25,,1240.78394,,,,,0.0001,0.00013,0.0,1.0
masleak,masleak,InterMat,2c_sparse200,2,200,0.25,20,133,0.01714,0.48934,0.0,0.0,0.4375,0.25,,1240.78394,,,,,0.0001,0.00013,0.0,1.0
masleak,masleak,InterMat,2c_medium100_im,2,100,0.25,20,222,0.02066,0.4286,0.0,0.0,0.4375,0.4375,,1582.36134,,,,,0.0001,0.00013,0.0,1.0
masleak,masleak,InterMat,2c_medium100_im,2,100,0.25,20,81,0.01739,0.51015,0.0,0.0,0.4375,0.4375,,1582.36134,,,,,0.0001,0.00013,0.0,1.0
masleak,masleak,InterMat,2c_medium100_im,2,100,0.25,20,85,0.01713,0.51202,0.0,0.0,0.4375,0.4375,,1582.36134,,,,,0.0001,0.00013,0.0,1.0
masleak,masleak,InterMat,2c_medium100_im,2,100,0.25,20,125,0.01733,0.53052,0.0,0.0,0.4375,0.4375,,1582.36134,,,,,0.0001,0.00013,0.0,1.0
masleak,masleak,InterMat,2c_medium100_im,2,100,0.25,20,124,0.0171,0.51889,0.0,0.0,0.4375,0.4375,,1582.36134,,,,,0.0001,0.00013,0.0,1.0
masleak,masleak,InterMat,2c_dense50,2,50,0.25,20,35,0.02262,0.52596,0.0,0.0,0.4375,0.68359,,1602.85336,,,,,0.0001,0.00013,0.0,1.0
masleak,masleak,InterMat,2c_dense50,2,50,0.25,20,86,0.01948,0.56443,0.0,0.0,0.4375,0.68359,,1602.85336,,,,,0.0001,0.00013,0.0,1.0
masleak,masleak,InterMat,2c_dense50,2,50,0.25,20,84,0.01951,0.57067,0.0,0.0,0.4375,0.68359,,1602.85336,,,,,0.0001,0.00013,0.0,1.0
masleak,masleak,InterMat,2c_dense50,2,50,0.25,20,119,0.01813,0.55597,0.0,0.0,0.4375,0.68359,,1602.85336,,,,,0.0001,0.00013,0.0,1.0
masleak,masleak,InterMat,2c_dense50,2,50,0.25,20,121,0.01904,0.55783,0.0,0.0,0.4375,0.68359,,1602.85336,,,,,0.0001,0.00013,0.0,1.0
masleak,masleak_recall,UIDensity,1c_medium100,1,100,0.25,20,111,0.00938,0.45835,0.0,0.0,0.25,0.4375,0.25,,0.0,1.0,0.00013,0.0001,,,,
masleak,masleak_recall,UIDensity,1c_medium100,1,100,0.25,20,130,0.00579,0.30614,0.0,0.0,0.25,0.4375,0.25,,0.0,1.0,0.00013,0.0001,,,,
masleak,masleak_recall,UIDensity,1c_medium100,1,100,0.25,20,130,0.00669,0.2952,0.0,0.0,0.25,0.4375,0.25,,0.0,1.0,0.00013,0.0001,,,,
masleak,masleak_recall,UIDensity,1c_medium100,1,100,0.25,20,191,0.00652,0.34392,0.0,0.0,0.25,0.4375,0.25,,0.0,1.0,0.00013,0.0001,,,,
masleak,masleak_recall,UIDensity,1c_medium100,1,100,0.25,20,185,0.00757,0.35484,0.0,0.0,0.25,0.4375,0.25,,0.0,1.0,0.00013,0.0001,,,,
masleak,masleak_recall,UIDensity,2c_medium100,2,100,0.25,20,77,0.02185,0.82003,0.0,0.0,0.4375,0.4375,0.4375,,0.0,1.0,0.00013,0.0001,,,,
masleak,masleak_recall,UIDensity,2c_medium100,2,100,0.25,20,222,0.02171,0.93427,0.0,0.0,0.4375,0.4375,0.4375,,0.0,1.0,0.00013,0.0001,,,,
masleak,masleak_recall,UIDensity,2c_medium100,2,100,0.25,20,81,0.01529,0.69518,0.0,0.0,0.4375,0.4375,0.4375,,0.0,1.0,0.00013,0.0001,,,,
masleak,masleak_recall,UIDensity,2c_medium100,2,100,0.25,20,85,0.01516,0.69596,0.0,0.0,0.4375,0.4375,0.4375,,0.0,1.0,0.00013,0.0001,,,,
masleak,masleak_recall,UIDensity,2c_medium100,2,100,0.25,20,125,0.01526,0.80642,0.0,0.0,0.4375,0.4375,0.4375,,0.0,1.0,0.00013,0.0001,,,,
masleak,masleak_recall,UIDensity,2c_medium100,2,100,0.25,20,124,0.01501,0.79748,0.0,0.0,0.4375,0.4375,0.4375,,0.0,1.0,0.00013,0.0001,,,,
masleak,masleak_recall,UIDensity,3c_medium100,3,100,0.25,20,125,0.02634,0.82386,0.0,0.0,0.57812,0.4375,0.57812,,0.0,1.0,0.00013,0.0001,,,,
masleak,masleak_recall,UIDensity,3c_medium100,3,100,0.25,20,64,0.0204,0.58405,0.0,0.0,0.57812,0.4375,0.57812,,0.0,1.0,0.00013,0.0001,,,,
masleak,masleak_recall,UIDensity,3c_medium100,3,100,0.25,20,62,0.02003,0.56429,0.0,0.0,0.57812,0.4375,0.57812,,0.0,1.0,0.00013,0.0001,,,,
masleak,masleak_recall,UIDensity,3c_medium100,3,100,0.25,20,92,0.02063,0.63499,0.0,0.0,0.57812,0.4375,0.57812,,0.0,1.0,0.00013,0.0001,,,,
masleak,masleak_recall,UIDensity,3c_medium100,3,100,0.25,20,94,0.02053,0.63907,0.0,0.0,0.57812,0.4375,0.57812,,0.0,1.0,0.00013,0.0001,,,,
masleak,masleak_recall,InterMat,2c_sparse200,2,200,0.25,20,243,0.01947,0.93319,0.0,0.0,0.4375,0.25,,1240.78394,,,,,0.0001,0.00013,0.0002,0.0001
masleak,masleak_recall,InterMat,2c_sparse200,2,200,0.25,20,79,0.01466,0.67315,0.0,0.0,0.4375,0.25,,1240.78394,,,,,0.0001,0.00013,0.0002,0.0001
masleak,masleak_recall,InterMat,2c_sparse200,2,200,0.25,20,65,0.01494,0.59508,0.0,0.0,0.4375,0.25,,1240.78394,,,,,0.0001,0.00013,0.0002,0.0001
masleak,masleak_recall,InterMat,2c_sparse200,2,200,0.25,20,133,0.01479,0.81689,0.0,0.0,0.4375,0.25,,1240.78394,,,,,0.0001,0.00013,0.0002,0.0001
masleak,masleak_recall,InterMat,2c_sparse200,2,200,0.25,20,133,0.01531,0.81636,0.0,0.0,0.4375,0.25,,1240.78394,,,,,0.0001,0.00013,0.0002,0.0001
masleak,masleak_recall,InterMat,2c_medium100_im,2,100,0.25,20,222,0.02171,0.93427,0.0,0.0,0.4375,0.4375,,1582.36134,,,,,0.0001,0.00013,0.0002,0.0001
masleak,masleak_recall,InterMat,2c_medium100_im,2,100,0.25,20,81,0.01529,0.69518,0.0,0.0,0.4375,0.4375,,1582.36134,,,,,0.0001,0.00013,0.0002,0.0001
masleak,masleak_recall,InterMat,2c_medium100_im,2,100,0.25,20,85,0.01516,0.69596,0.0,0.0,0.4375,0.4375,,1582.36134,,,,,0.0001,0.00013,0.0002,0.0001
masleak,masleak_recall,InterMat,2c_medium100_im,2,100,0.25,20,125,0.01526,0.80642,0.0,0.0,0.4375,0.4375,,1582.36134,,,,,0.0001,0.00013,0.0002,0.0001
masleak,masleak_recall,InterMat,2c_medium100_im,2,100,0.25,20,124,0.01501,0.79748,0.0,0.0,0.4375,0.4375,,1582.36134,,,,,0.0001,0.00013,0.0002,0.0001
masleak,masleak_recall,InterMat,2c_dense50,2,50,0.25,20,35,0.02296,0.59336,0.0,0.0,0.4375,0.68359,,1602.85336,,,,,0.0001,0.00013,0.0002,0.0001
masleak,masleak_recall,InterMat,2c_dense50,2,50,0.25,20,86,0.01662,0.73049,0.0,0.0,0.4375,0.68359,,1602.85336,,,,,0.0001,0.00013,0.0002,0.0001
masleak,masleak_recall,InterMat,2c_dense50,2,50,0.25,20,84,0.01652,0.72098,0.0,0.0,0.4375,0.68359,,1602.85336,,,,,0.0001,0.00013,0.0002,0.0001
masleak,masleak_recall,InterMat,2c_dense50,2,50,0.25,20,119,0.01546,0.79405,0.0,0.0,0.4375,0.68359,,1602.85336,,,,,0.0001,0.00013,0.0002,0.0001
masleak,masleak_recall,InterMat,2c_dense50,2,50,0.25,20,121,0.01619,0.79654,0.0,0.0,0.4375,0.68359,,1602.85336,,,,,0.0001,0.00013,0.0002,0.0001
toma,toma_extract,UIDensity,1c_medium100,1,100,0.25,20,259,0.03752,0.85392,0.0,0.0,0.25,0.4375,856.26381,,0.00026,0.0001,0.00026,0.0001,,,,
toma,toma_extract,UIDensity,1c_medium100,1,100,0.25,20,259,0.03648,0.85336,0.0,0.0,0.25,0.4375,856.26381,,0.00026,0.0001,0.00026,0.0001,,,,
toma,toma_extract,UIDensity,1c_medium100,1,100,0.25,20,273,0.03665,0.85387,0.0,0.0,0.25,0.4375,856.26381,,0.00026,0.0001,0.00026,0.0001,,,,
toma,toma_extract,UIDensity,1c_medium100,1,100,0.25,20,278,0.03735,0.85058,0.0,0.0,0.25,0.4375,856.26381,,0.00026,0.0001,0.00026,0.0001,,,,
toma,toma_extract,UIDensity,2c_medium100,2,100,0.25,20,198,0.03596,0.84559,0.0,0.0,0.4375,0.4375,904.05228,,0.00026,0.0001,0.00026,0.0001,,,,
toma,toma_extract,UIDensity,2c_medium100,2,100,0.25,20,194,0.03535,0.84103,0.0,0.0,0.4375,0.4375,904.05228,,0.00026,0.0001,0.00026,0.0001,,,,
toma,toma_extract,UIDensity,2c_medium100,2,100,0.25,20,197,0.03535,0.84146,0.0,0.0,0.4375,0.4375,904.05228,,0.00026,0.0001,0.00026,0.0001,,,,
toma,toma_extract,UIDensity,2c_medium100,2,100,0.25,20,205,0.03491,0.84604,0.0,0.0,0.4375,0.4375,904.05228,,0.00026,0.0001,0.00026,0.0001,,,,
toma,toma_extract,UIDensity,2c_medium100,2,100,0.25,20,209,0.03639,0.84444,0.0,0.0,0.4375,0.4375,904.05228,,0.00026,0.0001,0.00026,0.0001,,,,
toma,toma_extract,UIDensity,3c_medium100,3,100,0.25,20,205,0.03717,0.85704,0.0,0.0,0.57812,0.4375,855.3432,,0.00026,0.0001,0.00026,0.0001,,,,
toma,toma_extract,UIDensity,3c_medium100,3,100,0.25,20,203,0.03778,0.85513,0.0,0.0,0.57812,0.4375,855.3432,,0.00026,0.0001,0.00026,0.0001,,,,
toma,toma_extract,UIDensity,3c_medium100,3,100,0.25,20,223,0.03752,0.85711,0.0,0.0,0.57812,0.4375,855.3432,,0.00026,0.0001,0.00026,0.0001,,,,
toma,toma_extract,UIDensity,3c_medium100,3,100,0.25,20,223,0.03726,0.85433,0.0,0.0,0.57812,0.4375,855.3432,,0.00026,0.0001,0.00026,0.0001,,,,
toma,toma_extract,InterMat,2c_sparse200,2,200,0.25,20,202,0.03114,0.84786,0.0,0.0,0.4375,0.25,,0.25,,,,,0.0,1.0,0.0002,0.0001
toma,toma_extract,InterMat,2c_sparse200,2,200,0.25,20,144,0.03164,0.83467,0.0,0.0,0.4375,0.25,,0.25,,,,,0.0,1.0,0.0002,0.0001
toma,toma_extract,InterMat,2c_sparse200,2,200,0.25,20,143,0.03164,0.83427,0.0,0.0,0.4375,0.25,,0.25,,,,,0.0,1.0,0.0002,0.0001
toma,toma_extract,InterMat,2c_sparse200,2,200,0.25,20,154,0.02964,0.82869,0.0,0.0,0.4375,0.25,,0.25,,,,,0.0,1.0,0.0002,0.0001
toma,toma_extract,InterMat,2c_sparse200,2,200,0.25,20,154,0.0317,0.84244,0.0,0.0,0.4375,0.25,,0.25,,,,,0.0,1.0,0.0002,0.0001
toma,toma_extract,InterMat,2c_medium100_im,2,100,0.25,20,198,0.03596,0.84559,0.0,0.0,0.4375,0.4375,,0.4375,,,,,0.0,1.0,0.0002,0.0001
toma,toma_extract,InterMat,2c_medium100_im,2,100,0.25,20,194,0.03535,0.84103,0.0,0.0,0.4375,0.4375,,0.4375,,,,,0.0,1.0,0.0002,0.0001
toma,toma_extract,InterMat,2c_medium100_im,2,100,0.25,20,197,0.03535,0.84146,0.0,0.0,0.4375,0.4375,,0.4375,,,,,0.0,1.0,0.0002,0.0001
toma,toma_extract,InterMat,2c_medium100_im,2,100,0.25,20,205,0.03491,0.84604,0.0,0.0,0.4375,0.4375,,0.4375,,,,,0.0,1.0,0.0002,0.0001
toma,toma_extract,InterMat,2c_medium100_im,2,100,0.25,20,209,0.03639,0.84444,0.0,0.0,0.4375,0.4375,,0.4375,,,,,0.0,1.0,0.0002,0.0001
toma,toma_extract,InterMat,2c_dense50,2,50,0.25,20,250,0.03809,0.82075,0.0,0.0,0.4375,0.68359,,0.68359,,,,,0.0,1.0,0.0002,0.0001
toma,toma_extract,InterMat,2c_dense50,2,50,0.25,20,224,0.03751,0.81986,0.0,0.0,0.4375,0.68359,,0.68359,,,,,0.0,1.0,0.0002,0.0001
toma,toma_extract,InterMat,2c_dense50,2,50,0.25,20,221,0.03751,0.81983,0.0,0.0,0.4375,0.68359,,0.68359,,,,,0.0,1.0,0.0002,0.0001
toma,toma_extract,InterMat,2c_dense50,2,50,0.25,20,247,0.03786,0.81948,0.0,0.0,0.4375,0.68359,,0.68359,,,,,0.0,1.0,0.0002,0.0001
toma,toma_extract,InterMat,2c_dense50,2,50,0.25,20,249,0.03809,0.82063,0.0,0.0,0.4375,0.68359,,0.68359,,,,,0.0,1.0,0.0002,0.0001
master,master_extract,UIDensity,1c_medium100,1,100,0.25,3,53,0.03346,0.85477,0.0,0.0,0.25,0.4375,0.25,,0.0,1.0,0.0001,0.0001,,,,
master,master_extract,UIDensity,1c_medium100,1,100,0.25,3,350,0.03124,0.95184,0.0,0.0,0.25,0.4375,0.25,,0.0,1.0,0.0001,0.0001,,,,
master,master_extract,UIDensity,1c_medium100,1,100,0.25,3,350,0.03355,0.94738,0.0,0.0,0.25,0.4375,0.25,,0.0,1.0,0.0001,0.0001,,,,
master,master_extract,UIDensity,2c_medium100,2,100,0.25,3,48,0.03559,0.82908,0.0,0.0,0.4375,0.4375,0.4375,,0.0,1.0,0.0001,0.0001,,,,
master,master_extract,UIDensity,2c_medium100,2,100,0.25,3,350,0.03395,0.97461,0.0,0.0,0.4375,0.4375,0.4375,,0.0,1.0,0.0001,0.0001,,,,
master,master_extract,UIDensity,2c_medium100,2,100,0.25,3,350,0.03455,0.96843,0.0,0.0,0.4375,0.4375,0.4375,,0.0,1.0,0.0001,0.0001,,,,
master,master_extract,UIDensity,3c_medium100,3,100,0.25,3,44,0.03947,0.82839,0.0,0.0,0.57812,0.4375,0.57812,,0.0,1.0,0.0001,0.0001,,,,
master,master_extract,UIDensity,3c_medium100,3,100,0.25,3,350,0.03819,0.97539,0.0,0.0,0.57812,0.4375,0.57812,,0.0,1.0,0.0001,0.0001,,,,
master,master_extract,UIDensity,3c_medium100,3,100,0.25,3,350,0.03783,0.97741,0.0,0.0,0.57812,0.4375,0.57812,,0.0,1.0,0.0001,0.0001,,,,
master,master_extract,InterMat,2c_sparse200,2,200,0.25,3,76,0.02727,0.76815,0.0,0.0,0.4375,0.25,,0.25,,,,,0.0,1.0,0.0001,0.00013
master,master_extract,InterMat,2c_sparse200,2,200,0.25,3,350,0.01682,0.94015,0.0,0.0,0.4375,0.25,,0.25,,,,,0.0,1.0,0.0001,0.00013
master,master_extract,InterMat,2c_sparse200,2,200,0.25,3,350,0.01812,0.9415,0.0,0.0,0.4375,0.25,,0.25,,,,,0.0,1.0,0.0001,0.00013
master,master_extract,InterMat,2c_medium100_im,2,100,0.25,3,48,0.03559,0.82908,0.0,0.0,0.4375,0.4375,,0.4375,,,,,0.0,1.0,0.0001,0.00013
master,master_extract,InterMat,2c_medium100_im,2,100,0.25,3,350,0.03395,0.97461,0.0,0.0,0.4375,0.4375,,0.4375,,,,,0.0,1.0,0.0001,0.00013
master,master_extract,InterMat,2c_medium100_im,2,100,0.25,3,350,0.03455,0.96843,0.0,0.0,0.4375,0.4375,,0.4375,,,,,0.0,1.0,0.0001,0.00013
master,master_extract,InterMat,2c_dense50,2,50,0.25,3,80,0.0386,0.96468,0.0,0.0,0.4375,0.68359,,0.68359,,,,,0.0,1.0,0.0001,0.00013
master,master_extract,InterMat,2c_dense50,2,50,0.25,3,350,0.03898,0.9937,0.0,0.0,0.4375,0.68359,,0.68359,,,,,0.0,1.0,0.0001,0.00013
master,master_extract,InterMat,2c_dense50,2,50,0.25,3,350,0.03942,0.9936,0.0,0.0,0.4375,0.68359,,0.68359,,,,,0.0,1.0,0.0001,0.00013
